what,kind,bundleId,bundleVersion,description,time
started,bundle,org.eclipse.wst.server.ui,1.3.0.v20120210_1439,"org.eclipse.wst.server.ui",1382386362548
deactivated,workbench,org.eclipse.ui.workbench,3.7.1.v20120104-1859,"",1382386369875
activated,workbench,org.eclipse.ui.workbench,3.7.1.v20120104-1859,"",1382386387154
started,bundle,org.eclipse.debug.ui,3.7.102.v20111129-1423_r372,"org.eclipse.debug.ui",1382386439278
started,bundle,org.eclipse.jdt.debug.ui,3.6.1.v20111006_r372,"org.eclipse.jdt.debug.ui",1382386439442
started,bundle,com.android.ide.eclipse.ddms,22.0.1.v201305230001--685705,"com.android.ide.eclipse.ddms",1382386447422
started,bundle,com.android.ide.eclipse.traceview,22.0.1.v201305230001--685705,"com.android.ide.eclipse.traceview",1382386447461
deactivated,workbench,org.eclipse.ui.workbench,3.7.1.v20120104-1859,"",1382386447938
activated,workbench,org.eclipse.ui.workbench,3.7.1.v20120104-1859,"",1382386468660
started,bundle,org.eclipse.wst.common.frameworks,1.2.102.v201201190400,"org.eclipse.wst.common.frameworks",1382386469695
started,bundle,org.eclipse.emf.common,2.7.0.v20120127-1122,"org.eclipse.emf.common",1382386469714
started,bundle,org.eclipse.emf.ecore,2.7.0.v20120127-1122,"org.eclipse.emf.ecore",1382386469820
started,bundle,org.eclipse.wst.common.emf,1.2.100.v201101101900,"org.eclipse.wst.common.emf",1382386469839
started,bundle,org.eclipse.jem.util,2.1.100.v201103021400,"org.eclipse.jem.util",1382386469894
started,bundle,org.eclipse.emf.ecore.xmi,2.7.0.v20120127-1122,"org.eclipse.emf.ecore.xmi",1382386469915
started,bundle,org.eclipse.wst.common.emfworkbench.integration,1.2.101.v201107140600,"org.eclipse.wst.common.emfworkbench.integration",1382386469916
started,bundle,org.eclipse.wst.common.core,1.2.0.v200908252030,"org.eclipse.wst.common.core",1382386469987
started,bundle,org.eclipse.wst.common.modulecore,1.2.103.v201201190400,"org.eclipse.wst.common.modulecore",1382386469990
opened,view,org.eclipse.ui.console,3.5.100.v20111007_r372,"org.eclipse.ui.console.ConsoleView",1382386470047
started,bundle,org.eclipse.cdt.dsf,2.2.0.201202111925,"org.eclipse.cdt.dsf",1382386470154
started,bundle,org.eclipse.cdt.dsf.gdb,4.0.2.201202111925,"org.eclipse.cdt.dsf.gdb",1382386470165
started,bundle,org.eclipse.cdt.dsf.gdb.ui,2.2.1.201202111925,"org.eclipse.cdt.dsf.gdb.ui",1382386470166
deactivated,workbench,org.eclipse.ui.workbench,3.7.1.v20120104-1859,"",1382386470218
activated,workbench,org.eclipse.ui.workbench,3.7.1.v20120104-1859,"",1382386927431
activated,view,org.eclipse.ui.console,3.5.100.v20111007_r372,"org.eclipse.ui.console.ConsoleView",1382386927495
started,bundle,org.eclipse.wst.xsl.debug.ui,1.0.200.v201101281837,"org.eclipse.wst.xsl.debug.ui",1382386928264
deactivated,workbench,org.eclipse.ui.workbench,3.7.1.v20120104-1859,"",1382386931834
activated,workbench,org.eclipse.ui.workbench,3.7.1.v20120104-1859,"",1382386936726
deactivated,workbench,org.eclipse.ui.workbench,3.7.1.v20120104-1859,"",1382386953677
activated,workbench,org.eclipse.ui.workbench,3.7.1.v20120104-1859,"",1382386955314
activated,editor,org.eclipse.jdt.ui,3.7.2.v20120109-1427,"org.eclipse.jdt.ui.CompilationUnitEditor",1382386955351
started,bundle,org.eclipse.ui.navigator.resources,3.4.300.v20110928-1505,"org.eclipse.ui.navigator.resources",1382386962858
started,bundle,org.eclipse.emf.edit,2.7.2.v20120130-0943,"org.eclipse.emf.edit",1382386964539
started,bundle,org.eclipse.emf.common.ui,2.7.0.v20120130-0943,"org.eclipse.emf.common.ui",1382386964770
started,bundle,org.eclipse.emf.edit.ui,2.7.0.v20120130-0943,"org.eclipse.emf.edit.ui",1382386964771
started,bundle,org.eclipse.jst.j2ee.webservice.ui,1.1.500.v201105122000,"org.eclipse.jst.j2ee.webservice.ui",1382386964805
started,bundle,org.eclipse.jst.j2ee.webservice,1.1.400.v201004110600,"org.eclipse.jst.j2ee.webservice",1382386965121
started,bundle,org.eclipse.jst.jee.ui,1.0.401.v201202011107,"org.eclipse.jst.jee.ui",1382386965375
started,bundle,org.eclipse.jst.j2ee.ui,1.1.503.v201201190400,"org.eclipse.jst.j2ee.ui",1382386965518
started,bundle,org.eclipse.jst.j2ee.navigator.ui,1.1.501.v201107261503,"org.eclipse.jst.j2ee.navigator.ui",1382386965520
started,bundle,org.eclipse.jst.j2ee.core,1.2.102.v201202090300,"org.eclipse.jst.j2ee.core",1382386965685
started,bundle,org.eclipse.jem,2.0.501.v201111030500,"org.eclipse.jem",1382386966063
started,bundle,org.eclipse.wst.common.frameworks.ui,1.2.100.v201105122000,"org.eclipse.wst.common.frameworks.ui",1382386967034
started,bundle,org.eclipse.wst.validation,1.2.303.v201202090300,"org.eclipse.wst.validation",1382386967174
started,bundle,org.eclipse.jst.j2ee,1.1.503.v201202090300,"org.eclipse.jst.j2ee",1382386967644
opened,view,org.eclipse.ui.navigator.resources,3.4.300.v20110928-1505,"org.eclipse.ui.navigator.ProjectExplorer",1382386970796
opened,view,org.eclipse.ui.ide,3.7.0.v20110928-1505,"org.eclipse.ui.views.AllMarkersView",1382386971319
opened,view,com.android.ide.eclipse.ddms,22.0.1.v201305230001--685705,"com.android.ide.eclipse.ddms.views.LogCatView",1382386975047
deactivated,workbench,org.eclipse.ui.workbench,3.7.1.v20120104-1859,"",1382386977981
activated,workbench,org.eclipse.ui.workbench,3.7.1.v20120104-1859,"",1382387176063
started,bundle,org.eclipse.jdt.junit.core,3.7.0.v20110928-1453,"org.eclipse.jdt.junit.core",1382387196569
started,bundle,org.eclipse.cdt.debug.core,7.1.0.201202111925,"org.eclipse.cdt.debug.core",1382387196611
started,bundle,org.eclipse.cdt.debug.ui,7.1.2.201202111925,"org.eclipse.cdt.debug.ui",1382387196615
started,bundle,org.eclipse.dltk.ruby.core,3.0.0.v20110423,"org.eclipse.dltk.ruby.core",1382387196630
started,bundle,com.android.ide.eclipse.ndk,22.0.1.v201305230001--685705,"com.android.ide.eclipse.ndk",1382387196751
opened,editor,org.eclipse.jdt.ui,3.7.2.v20120109-1427,"org.eclipse.jdt.ui.CompilationUnitEditor",1382387442613
activated,editor,org.eclipse.jdt.ui,3.7.2.v20120109-1427,"org.eclipse.jdt.ui.CompilationUnitEditor",1382387442645
executed,command,org.eclipse.ui,3.7.0.v20110928-1505,"org.eclipse.ui.edit.delete",1382387471806
executed,command,org.eclipse.ui,3.7.0.v20110928-1505,"org.eclipse.ui.file.save",1382387476741
activated,view,org.eclipse.ui.navigator.resources,3.4.300.v20110928-1505,"org.eclipse.ui.navigator.ProjectExplorer",1382387501811
started,bundle,org.eclipse.jst.ws.jaxws.dom.integration,1.0.101.v201201031437,"org.eclipse.jst.ws.jaxws.dom.integration",1382387504296
started,bundle,org.eclipse.jst.ws.jaxws.dom.ui,1.0.0.v201004171919,"org.eclipse.jst.ws.jaxws.dom.ui",1382387504324
started,bundle,org.eclipse.jst.servlet.ui,1.1.502.v201202011054,"org.eclipse.jst.servlet.ui",1382387504514
activated,editor,org.eclipse.jdt.ui,3.7.2.v20120109-1427,"org.eclipse.jdt.ui.CompilationUnitEditor",1382387516456
deactivated,workbench,org.eclipse.ui.workbench,3.7.1.v20120104-1859,"",1382387580420
activated,workbench,org.eclipse.ui.workbench,3.7.1.v20120104-1859,"",1382387581780
opened,editor,org.eclipse.jdt.ui,3.7.2.v20120109-1427,"org.eclipse.jdt.ui.CompilationUnitEditor",1382387581837
activated,editor,org.eclipse.jdt.ui,3.7.2.v20120109-1427,"org.eclipse.jdt.ui.CompilationUnitEditor",1382387581864
activated,view,org.eclipse.ui.navigator.resources,3.4.300.v20110928-1505,"org.eclipse.ui.navigator.ProjectExplorer",1382387614390
started,bundle,org.eclipse.compare,3.5.202.R37x_v20111109-0800,"org.eclipse.compare",1382387730167
executed,command,org.eclipse.ui,3.7.0.v20110928-1505,"org.eclipse.ui.edit.copy",1382387732264
started,bundle,org.eclipse.wst.jsdt.manipulation,1.0.300.v201104272153,"org.eclipse.wst.jsdt.manipulation",1382387737059
started,bundle,org.eclipse.wst.jsdt.core,1.1.102.v201111090634,"org.eclipse.wst.jsdt.core",1382387737335
started,bundle,org.eclipse.wst.jsdt.ui,1.1.102.v201201131900,"org.eclipse.wst.jsdt.ui",1382387737483
started,bundle,org.eclipse.dltk.core.manipulation,3.0.0.v20110609-1525,"org.eclipse.dltk.core.manipulation",1382387737581
deactivated,workbench,org.eclipse.ui.workbench,3.7.1.v20120104-1859,"",1382387737657
activated,workbench,org.eclipse.ui.workbench,3.7.1.v20120104-1859,"",1382387750341
executed,command,org.eclipse.ui,3.7.0.v20110928-1505,"org.eclipse.ui.edit.paste",1382387750575
opened,editor,org.eclipse.jdt.ui,3.7.2.v20120109-1427,"org.eclipse.jdt.ui.CompilationUnitEditor",1382387754118
activated,editor,org.eclipse.jdt.ui,3.7.2.v20120109-1427,"org.eclipse.jdt.ui.CompilationUnitEditor",1382387754147
activated,editor,org.eclipse.jdt.ui,3.7.2.v20120109-1427,"org.eclipse.jdt.ui.CompilationUnitEditor",1382387760630
closed,editor,org.eclipse.jdt.ui,3.7.2.v20120109-1427,"org.eclipse.jdt.ui.CompilationUnitEditor",1382387760631
activated,editor,org.eclipse.jdt.ui,3.7.2.v20120109-1427,"org.eclipse.jdt.ui.CompilationUnitEditor",1382387778256
deactivated,workbench,org.eclipse.ui.workbench,3.7.1.v20120104-1859,"",1382387789400
activated,workbench,org.eclipse.ui.workbench,3.7.1.v20120104-1859,"",1382388376956
executed,command,org.eclipse.ui.workbench.texteditor,3.7.0.v20110928-1504,"org.eclipse.ui.edit.text.goto.lineEnd",1382388377243
deactivated,workbench,org.eclipse.ui.workbench,3.7.1.v20120104-1859,"",1382388584878
activated,workbench,org.eclipse.ui.workbench,3.7.1.v20120104-1859,"",1382388586285
activated,editor,org.eclipse.jdt.ui,3.7.2.v20120109-1427,"org.eclipse.jdt.ui.CompilationUnitEditor",1382388699648
activated,editor,org.eclipse.jdt.ui,3.7.2.v20120109-1427,"org.eclipse.jdt.ui.CompilationUnitEditor",1382388711275
executed,command,org.eclipse.ui,3.7.0.v20110928-1505,"org.eclipse.ui.edit.copy",1382388718609
activated,editor,org.eclipse.jdt.ui,3.7.2.v20120109-1427,"org.eclipse.jdt.ui.CompilationUnitEditor",1382388722947
executed,command,org.eclipse.ui,3.7.0.v20110928-1505,"org.eclipse.ui.edit.paste",1382388726028
started,bundle,org.eclipse.pde.launching,3.6.0.v20110506,"org.eclipse.pde.launching",1382388729852
started,bundle,org.eclipse.ui.views.log,1.0.200.v20110404,"org.eclipse.ui.views.log",1382388729865
started,bundle,org.eclipse.pde.ui,3.6.100.v20120103_r372,"org.eclipse.pde.ui",1382388729880
deactivated,workbench,org.eclipse.ui.workbench,3.7.1.v20120104-1859,"",1382388733127
activated,workbench,org.eclipse.ui.workbench,3.7.1.v20120104-1859,"",1382388733259
executed,command,org.eclipse.ui,3.7.0.v20110928-1505,"org.eclipse.ui.edit.delete",1382388753439
executed,command,org.eclipse.ui,3.7.0.v20110928-1505,"org.eclipse.ui.edit.delete",1382388757842
executed,command,org.eclipse.ui,3.7.0.v20110928-1505,"org.eclipse.ui.file.save",1382388761721
activated,editor,org.eclipse.jdt.ui,3.7.2.v20120109-1427,"org.eclipse.jdt.ui.CompilationUnitEditor",1382388791971
deactivated,workbench,org.eclipse.ui.workbench,3.7.1.v20120104-1859,"",1382388801563
activated,workbench,org.eclipse.ui.workbench,3.7.1.v20120104-1859,"",1382388803170
deactivated,workbench,org.eclipse.ui.workbench,3.7.1.v20120104-1859,"",1382388803174
activated,workbench,org.eclipse.ui.workbench,3.7.1.v20120104-1859,"",1382388820410
activated,view,org.eclipse.ui.navigator.resources,3.4.300.v20110928-1505,"org.eclipse.ui.navigator.ProjectExplorer",1382388863381
started,bundle,org.eclipse.wst.sse.ui,1.3.2.v201201041522,"org.eclipse.wst.sse.ui",1382388884565
started,bundle,org.eclipse.wst.xml.ui,1.1.202.v201112071516,"org.eclipse.wst.xml.ui",1382388884569
started,bundle,org.eclipse.wst.xsl.core,1.1.100.v201102270516,"org.eclipse.wst.xsl.core",1382388884980
started,bundle,org.eclipse.wst.xsl.exslt.core,1.0.0.v201005240426,"org.eclipse.wst.xsl.exslt.core",1382388884982
started,bundle,org.eclipse.wst.dtd.ui,1.0.600.v201103171359,"org.eclipse.wst.dtd.ui",1382388885111
started,bundle,org.eclipse.wst.xsl.ui,1.1.200.v201103082057,"org.eclipse.wst.xsl.ui",1382388885136
opened,editor,com.android.ide.eclipse.adt,22.0.1.v201305230001--685705,"com.android.ide.eclipse.editors.CommonXmlEditor",1382388886552
activated,editor,com.android.ide.eclipse.adt,22.0.1.v201305230001--685705,"com.android.ide.eclipse.editors.CommonXmlEditor",1382388886771
activated,view,org.eclipse.ui.navigator.resources,3.4.300.v20110928-1505,"org.eclipse.ui.navigator.ProjectExplorer",1382388917421
started,bundle,org.eclipse.pde.core,3.7.1.v20120103_r372,"org.eclipse.pde.core",1382388917658
executed,command,org.eclipse.ui,3.7.0.v20110928-1505,"org.eclipse.ui.edit.copy",1382388920922
executed,command,org.eclipse.ui,3.7.0.v20110928-1505,"org.eclipse.ui.edit.paste",1382388928102
activated,editor,com.android.ide.eclipse.adt,22.0.1.v201305230001--685705,"com.android.ide.eclipse.editors.CommonXmlEditor",1382388935834
activated,view,org.eclipse.ui.navigator.resources,3.4.300.v20110928-1505,"org.eclipse.ui.navigator.ProjectExplorer",1382388945761
deactivated,workbench,org.eclipse.ui.workbench,3.7.1.v20120104-1859,"",1382388952645
started,bundle,org.eclipse.ant.ui,3.5.101.v20120110-1739,"org.eclipse.ant.ui",1382388972660
started,bundle,org.eclipse.wst.jsdt.debug.rhino.ui,1.0.1.v201201112313,"org.eclipse.wst.jsdt.debug.rhino.ui",1382388972671
started,bundle,org.eclipse.jst.jsp.ui,1.1.602.v201112071516,"org.eclipse.jst.jsp.ui",1382388972796
started,bundle,org.eclipse.jst.jsp.core,1.2.402.v201112071853,"org.eclipse.jst.jsp.core",1382388972942
activated,workbench,org.eclipse.ui.workbench,3.7.1.v20120104-1859,"",1382388973052
executed,command,org.eclipse.ltk.ui.refactoring,3.6.0.v20110928-1453,"org.eclipse.ltk.ui.refactoring.commands.renameResource",1382388973059
executed,command,org.eclipse.ui,3.7.0.v20110928-1505,"org.eclipse.ui.edit.rename",1382388973060
started,bundle,org.eclipse.jem.workbench,2.0.400.v201104251400,"org.eclipse.jem.workbench",1382388984531
started,bundle,org.eclipse.wst.internet.cache,1.0.400.v201004280700,"org.eclipse.wst.internet.cache",1382388984723
opened,editor,com.android.ide.eclipse.adt,22.0.1.v201305230001--685705,"com.android.ide.eclipse.editors.CommonXmlEditor",1382388986804
activated,editor,com.android.ide.eclipse.adt,22.0.1.v201305230001--685705,"com.android.ide.eclipse.editors.CommonXmlEditor",1382388986844
executed,command,org.eclipse.ui,3.7.0.v20110928-1505,"org.eclipse.ui.file.save",1382388993980
activated,editor,com.android.ide.eclipse.adt,22.0.1.v201305230001--685705,"com.android.ide.eclipse.editors.CommonXmlEditor",1382389039591
activated,editor,com.android.ide.eclipse.adt,22.0.1.v201305230001--685705,"com.android.ide.eclipse.editors.CommonXmlEditor",1382389046634
closed,editor,com.android.ide.eclipse.adt,22.0.1.v201305230001--685705,"com.android.ide.eclipse.editors.CommonXmlEditor",1382389046634
activated,editor,org.eclipse.jdt.ui,3.7.2.v20120109-1427,"org.eclipse.jdt.ui.CompilationUnitEditor",1382389052703
closed,editor,com.android.ide.eclipse.adt,22.0.1.v201305230001--685705,"com.android.ide.eclipse.editors.CommonXmlEditor",1382389052703
started,bundle,org.eclipse.equinox.p2.garbagecollector,1.0.200.v20110815-1419,"org.eclipse.equinox.p2.garbagecollector",1382389061856
executed,command,org.eclipse.ui.workbench.texteditor,3.7.0.v20110928-1504,"org.eclipse.ui.edit.text.toggleOverwrite",1382389205218
activated,view,org.eclipse.ui.navigator.resources,3.4.300.v20110928-1505,"org.eclipse.ui.navigator.ProjectExplorer",1382389316837
opened,editor,org.eclipse.jdt.ui,3.7.2.v20120109-1427,"org.eclipse.jdt.ui.CompilationUnitEditor",1382389356286
activated,editor,org.eclipse.jdt.ui,3.7.2.v20120109-1427,"org.eclipse.jdt.ui.CompilationUnitEditor",1382389356313
deactivated,workbench,org.eclipse.ui.workbench,3.7.1.v20120104-1859,"",1382389389955
executed,command,org.eclipse.ui,3.7.0.v20110928-1505,"org.eclipse.ui.edit.findReplace",1382389389975
activated,workbench,org.eclipse.ui.workbench,3.7.1.v20120104-1859,"",1382389398984
activated,editor,org.eclipse.jdt.ui,3.7.2.v20120109-1427,"org.eclipse.jdt.ui.CompilationUnitEditor",1382389413199
closed,editor,org.eclipse.jdt.ui,3.7.2.v20120109-1427,"org.eclipse.jdt.ui.CompilationUnitEditor",1382389413199
activated,view,org.eclipse.ui.navigator.resources,3.4.300.v20110928-1505,"org.eclipse.ui.navigator.ProjectExplorer",1382389417432
opened,editor,org.eclipse.jdt.ui,3.7.2.v20120109-1427,"org.eclipse.jdt.ui.CompilationUnitEditor",1382389426576
activated,editor,org.eclipse.jdt.ui,3.7.2.v20120109-1427,"org.eclipse.jdt.ui.CompilationUnitEditor",1382389426604
activated,editor,org.eclipse.jdt.ui,3.7.2.v20120109-1427,"org.eclipse.jdt.ui.CompilationUnitEditor",1382389442605
closed,editor,org.eclipse.jdt.ui,3.7.2.v20120109-1427,"org.eclipse.jdt.ui.CompilationUnitEditor",1382389442605
activated,editor,org.eclipse.jdt.ui,3.7.2.v20120109-1427,"org.eclipse.jdt.ui.CompilationUnitEditor",1382389486745
activated,view,org.eclipse.ui.navigator.resources,3.4.300.v20110928-1505,"org.eclipse.ui.navigator.ProjectExplorer",1382389495018
deactivated,workbench,org.eclipse.ui.workbench,3.7.1.v20120104-1859,"",1382389514359
executed,command,org.eclipse.ui,3.7.0.v20110928-1505,"org.eclipse.ui.edit.selectAll",1382389522648
executed,command,org.eclipse.ui,3.7.0.v20110928-1505,"org.eclipse.ui.edit.copy",1382389523312
activated,workbench,org.eclipse.ui.workbench,3.7.1.v20120104-1859,"",1382389528045
executed,command,org.eclipse.ltk.ui.refactoring,3.6.0.v20110928-1453,"org.eclipse.ltk.ui.refactoring.commands.renameResource",1382389528050
executed,command,org.eclipse.ui,3.7.0.v20110928-1505,"org.eclipse.ui.edit.rename",1382389528050
activated,editor,org.eclipse.jdt.ui,3.7.2.v20120109-1427,"org.eclipse.jdt.ui.CompilationUnitEditor",1382389530238
executed,command,org.eclipse.ui,3.7.0.v20110928-1505,"org.eclipse.ui.edit.paste",1382389531791
executed,command,org.eclipse.ui,3.7.0.v20110928-1505,"org.eclipse.ui.file.save",1382389534128
activated,editor,org.eclipse.jdt.ui,3.7.2.v20120109-1427,"org.eclipse.jdt.ui.CompilationUnitEditor",1382389547161
activated,editor,org.eclipse.jdt.ui,3.7.2.v20120109-1427,"org.eclipse.jdt.ui.CompilationUnitEditor",1382389573834
activated,editor,org.eclipse.jdt.ui,3.7.2.v20120109-1427,"org.eclipse.jdt.ui.CompilationUnitEditor",1382389575244
executed,command,org.eclipse.ui.workbench.texteditor,3.7.0.v20110928-1504,"org.eclipse.ui.edit.text.toggleOverwrite",1382389600263
executed,command,org.eclipse.ui,3.7.0.v20110928-1505,"org.eclipse.ui.edit.copy",1382389610263
activated,editor,org.eclipse.jdt.ui,3.7.2.v20120109-1427,"org.eclipse.jdt.ui.CompilationUnitEditor",1382389612310
executed,command,org.eclipse.ui,3.7.0.v20110928-1505,"org.eclipse.ui.edit.paste",1382389619518
activated,editor,org.eclipse.jdt.ui,3.7.2.v20120109-1427,"org.eclipse.jdt.ui.CompilationUnitEditor",1382389623166
executed,command,org.eclipse.ui,3.7.0.v20110928-1505,"org.eclipse.ui.edit.copy",1382389632523
activated,editor,org.eclipse.jdt.ui,3.7.2.v20120109-1427,"org.eclipse.jdt.ui.CompilationUnitEditor",1382389634208
executed,command,org.eclipse.ui,3.7.0.v20110928-1505,"org.eclipse.ui.edit.paste",1382389641944
executed,command,org.eclipse.ui,3.7.0.v20110928-1505,"org.eclipse.ui.file.save",1382389643025
executed,command,org.eclipse.jdt.ui,3.7.2.v20120109-1427,"org.eclipse.jdt.ui.edit.text.java.toggle.comment",1382389689012
activated,editor,org.eclipse.jdt.ui,3.7.2.v20120109-1427,"org.eclipse.jdt.ui.CompilationUnitEditor",1382389706918
executed,command,org.eclipse.ui,3.7.0.v20110928-1505,"org.eclipse.ui.edit.copy",1382389722700
activated,editor,org.eclipse.jdt.ui,3.7.2.v20120109-1427,"org.eclipse.jdt.ui.CompilationUnitEditor",1382389724537
executed,command,org.eclipse.ui,3.7.0.v20110928-1505,"org.eclipse.ui.edit.paste",1382389731623
executed,command,org.eclipse.ui,3.7.0.v20110928-1505,"org.eclipse.ui.file.save",1382389732583
deactivated,workbench,org.eclipse.ui.workbench,3.7.1.v20120104-1859,"",1382389744523
activated,workbench,org.eclipse.ui.workbench,3.7.1.v20120104-1859,"",1382389874485
activated,view,org.eclipse.ui.navigator.resources,3.4.300.v20110928-1505,"org.eclipse.ui.navigator.ProjectExplorer",1382389886096
activated,editor,org.eclipse.jdt.ui,3.7.2.v20120109-1427,"org.eclipse.jdt.ui.CompilationUnitEditor",1382390023257
activated,editor,org.eclipse.jdt.ui,3.7.2.v20120109-1427,"org.eclipse.jdt.ui.CompilationUnitEditor",1382390031064
activated,editor,org.eclipse.jdt.ui,3.7.2.v20120109-1427,"org.eclipse.jdt.ui.CompilationUnitEditor",1382390042524
deactivated,workbench,org.eclipse.ui.workbench,3.7.1.v20120104-1859,"",1382390058156
activated,workbench,org.eclipse.ui.workbench,3.7.1.v20120104-1859,"",1382390059770
executed,command,org.eclipse.ui,3.7.0.v20110928-1505,"org.eclipse.ui.edit.copy",1382390065836
activated,editor,org.eclipse.jdt.ui,3.7.2.v20120109-1427,"org.eclipse.jdt.ui.CompilationUnitEditor",1382390068888
deactivated,workbench,org.eclipse.ui.workbench,3.7.1.v20120104-1859,"",1382390087249
activated,workbench,org.eclipse.ui.workbench,3.7.1.v20120104-1859,"",1382390089647
deactivated,workbench,org.eclipse.ui.workbench,3.7.1.v20120104-1859,"",1382390089729
activated,workbench,org.eclipse.ui.workbench,3.7.1.v20120104-1859,"",1382390135058
activated,view,org.eclipse.ui.navigator.resources,3.4.300.v20110928-1505,"org.eclipse.ui.navigator.ProjectExplorer",1382390142491
executed,command,org.eclipse.ui,3.7.0.v20110928-1505,"org.eclipse.ui.edit.copy",1382390255520
deactivated,workbench,org.eclipse.ui.workbench,3.7.1.v20120104-1859,"",1382390282322
activated,workbench,org.eclipse.ui.workbench,3.7.1.v20120104-1859,"",1382390285542
executed,command,org.eclipse.ui,3.7.0.v20110928-1505,"org.eclipse.ui.edit.paste",1382390285547
deactivated,workbench,org.eclipse.ui.workbench,3.7.1.v20120104-1859,"",1382390299253
activated,workbench,org.eclipse.ui.workbench,3.7.1.v20120104-1859,"",1382390466172
deactivated,workbench,org.eclipse.ui.workbench,3.7.1.v20120104-1859,"",1382390469395
activated,workbench,org.eclipse.ui.workbench,3.7.1.v20120104-1859,"",1382390480428
deactivated,workbench,org.eclipse.ui.workbench,3.7.1.v20120104-1859,"",1382390483669
activated,workbench,org.eclipse.ui.workbench,3.7.1.v20120104-1859,"",1382390485313
executed,command,org.eclipse.ui,3.7.0.v20110928-1505,"org.eclipse.ui.edit.paste",1382390485318
deactivated,workbench,org.eclipse.ui.workbench,3.7.1.v20120104-1859,"",1382390485715
activated,workbench,org.eclipse.ui.workbench,3.7.1.v20120104-1859,"",1382390487246
deactivated,workbench,org.eclipse.ui.workbench,3.7.1.v20120104-1859,"",1382390492440
activated,workbench,org.eclipse.ui.workbench,3.7.1.v20120104-1859,"",1382390531364
deactivated,workbench,org.eclipse.ui.workbench,3.7.1.v20120104-1859,"",1382390537119
activated,workbench,org.eclipse.ui.workbench,3.7.1.v20120104-1859,"",1382390599125
started,bundle,org.eclipse.wst.ws.service.policy.ui,1.0.300.v201108240515,"org.eclipse.wst.ws.service.policy.ui",1382390599751
started,bundle,org.eclipse.wst.ws.service.policy,1.0.303.v201009221810,"org.eclipse.wst.ws.service.policy",1382390599759
started,bundle,org.eclipse.wst.command.env,1.0.409.v201004211805,"org.eclipse.wst.command.env",1382390599831
started,bundle,org.eclipse.wst.ws,1.1.203.v201004211805,"org.eclipse.wst.ws",1382390599832
started,bundle,org.eclipse.dltk.validators.ui,3.0.0.v20110423,"org.eclipse.dltk.validators.ui",1382390600080
deactivated,workbench,org.eclipse.ui.workbench,3.7.1.v20120104-1859,"",1382390604587
activated,workbench,org.eclipse.ui.workbench,3.7.1.v20120104-1859,"",1382390684623
executed,command,org.eclipse.ui,3.7.0.v20110928-1505,"org.eclipse.ui.file.properties",1382390684630
activated,editor,org.eclipse.jdt.ui,3.7.2.v20120109-1427,"org.eclipse.jdt.ui.CompilationUnitEditor",1382390688240
executed,command,org.eclipse.ui.workbench.texteditor,3.7.0.v20110928-1504,"org.eclipse.ui.edit.text.toggleOverwrite",1382390743555
executed,command,org.eclipse.ui.workbench.texteditor,3.7.0.v20110928-1504,"org.eclipse.ui.edit.text.toggleOverwrite",1382390747184
activated,editor,org.eclipse.jdt.ui,3.7.2.v20120109-1427,"org.eclipse.jdt.ui.CompilationUnitEditor",1382390762588
executed,command,org.eclipse.ui,3.7.0.v20110928-1505,"org.eclipse.ui.edit.copy",1382390774534
executed,command,org.eclipse.ui.workbench.texteditor,3.7.0.v20110928-1504,"org.eclipse.ui.edit.text.scroll.lineDown",1382390777767
executed,command,org.eclipse.ui.workbench.texteditor,3.7.0.v20110928-1504,"org.eclipse.ui.edit.text.scroll.lineDown",1382390778062
executed,command,org.eclipse.ui,3.7.0.v20110928-1505,"org.eclipse.ui.edit.copy",1382390785166
executed,command,org.eclipse.ui,3.7.0.v20110928-1505,"org.eclipse.ui.edit.copy",1382390786399
activated,editor,org.eclipse.jdt.ui,3.7.2.v20120109-1427,"org.eclipse.jdt.ui.CompilationUnitEditor",1382390788851
executed,command,org.eclipse.ui,3.7.0.v20110928-1505,"org.eclipse.ui.edit.paste",1382390792709
executed,command,org.eclipse.ui,3.7.0.v20110928-1505,"org.eclipse.ui.file.save",1382390793736
deactivated,workbench,org.eclipse.ui.workbench,3.7.1.v20120104-1859,"",1382390812244
activated,workbench,org.eclipse.ui.workbench,3.7.1.v20120104-1859,"",1382390814183
deactivated,workbench,org.eclipse.ui.workbench,3.7.1.v20120104-1859,"",1382390816244
activated,workbench,org.eclipse.ui.workbench,3.7.1.v20120104-1859,"",1382391030341
activated,editor,org.eclipse.jdt.ui,3.7.2.v20120109-1427,"org.eclipse.jdt.ui.CompilationUnitEditor",1382391037025
activated,view,org.eclipse.ui.navigator.resources,3.4.300.v20110928-1505,"org.eclipse.ui.navigator.ProjectExplorer",1382391127319
executed,command,org.eclipse.ui,3.7.0.v20110928-1505,"org.eclipse.ui.edit.copy",1382391138486
executed,command,org.eclipse.ui,3.7.0.v20110928-1505,"org.eclipse.ui.edit.paste",1382391155357
activated,editor,org.eclipse.jdt.ui,3.7.2.v20120109-1427,"org.eclipse.jdt.ui.CompilationUnitEditor",1382391161815
activated,view,org.eclipse.ui.navigator.resources,3.4.300.v20110928-1505,"org.eclipse.ui.navigator.ProjectExplorer",1382391172443
executed,command,org.eclipse.ui,3.7.0.v20110928-1505,"org.eclipse.ui.edit.copy",1382391249626
deactivated,workbench,org.eclipse.ui.workbench,3.7.1.v20120104-1859,"",1382391252485
activated,workbench,org.eclipse.ui.workbench,3.7.1.v20120104-1859,"",1382391278592
executed,command,org.eclipse.ui,3.7.0.v20110928-1505,"org.eclipse.ui.edit.paste",1382391278648
opened,editor,org.eclipse.jdt.ui,3.7.2.v20120109-1427,"org.eclipse.jdt.ui.CompilationUnitEditor",1382391286475
